geography,proportion_within_unit
cbg,0.04675995971596545
puma,0.5246248184161887
tract,0.10316262544180237
county,0.8119398161437785
